{
  "experiment_2_e2e": {
    "beir_style": {
      "ColBERTv2": {
        "nDCG@5": 0.47403685789470434,
        "Recall@5": 0.1126,
        "nDCG@10": 0.4306580627813713,
        "Recall@10": 0.1998,
        "nDCG@100": 0.5389737845122917,
        "Recall@100": 0.6564,
        "Success@5": 0.824
      },
      "FLUKE": {
        "nDCG@5": 0.45376742553541444,
        "Recall@5": 0.10800000000000001,
        "nDCG@10": 0.40875115606697376,
        "Recall@10": 0.189,
        "nDCG@100": 0.5101411706198977,
        "Recall@100": 0.6205999999999999,
        "Success@5": 0.82
      },
      "FLUKE+": {
        "nDCG@5": 0.17717293099967668,
        "Recall@5": 0.038599999999999995,
        "nDCG@10": 0.14461796913721722,
        "Recall@10": 0.05940000000000001,
        "nDCG@100": 0.20455759312721228,
        "Recall@100": 0.26539999999999997,
        "Success@5": 0.524
      }
    },
    "lotte_style": {
      "science": {
        "ColBERTv2": {
          "nDCG@5": 0.2959112815829099,
          "Recall@5": 0.06625,
          "nDCG@10": 0.2549031038331873,
          "Recall@10": 0.11124999999999999,
          "nDCG@100": 0.433972731849454,
          "Recall@100": 0.61125,
          "Success@5": 0.8
        },
        "FLUKE": {
          "nDCG@5": 0.2889641202970622,
          "Recall@5": 0.06625,
          "nDCG@10": 0.24982596395313098,
          "Recall@10": 0.11125000000000003,
          "nDCG@100": 0.42087220771516726,
          "Recall@100": 0.595,
          "Success@5": 0.825
        },
        "FLUKE+": {
          "nDCG@5": 0.17025346280346096,
          "Recall@5": 0.041249999999999995,
          "nDCG@10": 0.1583574536979218,
          "Recall@10": 0.075,
          "nDCG@100": 0.2750779781364581,
          "Recall@100": 0.39624999999999994,
          "Success@5": 0.65
        }
      },
      "technology": {
        "ColBERTv2": {
          "nDCG@5": 0.34936187668512586,
          "Recall@5": 0.0825,
          "nDCG@10": 0.2903600917540706,
          "Recall@10": 0.1275,
          "nDCG@100": 0.4585805378675957,
          "Recall@100": 0.6325000000000001,
          "Success@5": 0.775
        },
        "FLUKE": {
          "nDCG@5": 0.322493460648423,
          "Recall@5": 0.07625,
          "nDCG@10": 0.28751993497426354,
          "Recall@10": 0.1325,
          "nDCG@100": 0.4378545692769714,
          "Recall@100": 0.6087499999999999,
          "Success@5": 0.775
        },
        "FLUKE+": {
          "nDCG@5": 0.21667177901698972,
          "Recall@5": 0.04625,
          "nDCG@10": 0.18347428759125095,
          "Recall@10": 0.0775,
          "nDCG@100": 0.3104373094358829,
          "Recall@100": 0.43875000000000003,
          "Success@5": 0.6
        }
      },
      "writing": {
        "ColBERTv2": {
          "nDCG@5": 0.39389208712187573,
          "Recall@5": 0.09,
          "nDCG@10": 0.34550836788015904,
          "Recall@10": 0.15375,
          "nDCG@100": 0.498474884798096,
          "Recall@100": 0.6575,
          "Success@5": 0.825
        },
        "FLUKE": {
          "nDCG@5": 0.3812436043837116,
          "Recall@5": 0.08625000000000001,
          "nDCG@10": 0.33727013797116884,
          "Recall@10": 0.15,
          "nDCG@100": 0.49107948059915485,
          "Recall@100": 0.65375,
          "Success@5": 0.85
        },
        "FLUKE+": {
          "nDCG@5": 0.20502818851989338,
          "Recall@5": 0.045,
          "nDCG@10": 0.18281813870478728,
          "Recall@10": 0.08,
          "nDCG@100": 0.3257315590304149,
          "Recall@100": 0.48,
          "Success@5": 0.525
        }
      }
    },
    "lotte_style_average": {
      "ColBERTv2": {
        "nDCG@5": 0.34638841512997054,
        "Recall@5": 0.07958333333333333,
        "nDCG@10": 0.296923854489139,
        "Recall@10": 0.13083333333333333,
        "nDCG@100": 0.4636760515050486,
        "Recall@100": 0.6337499999999999,
        "Success@5": 0.8000000000000002
      },
      "FLUKE": {
        "nDCG@5": 0.33090039510973224,
        "Recall@5": 0.07625,
        "nDCG@10": 0.2915386789661878,
        "Recall@10": 0.13125,
        "nDCG@100": 0.4499354191970979,
        "Recall@100": 0.6191666666666666,
        "Success@5": 0.8166666666666668
      },
      "FLUKE+": {
        "nDCG@5": 0.19731781011344804,
        "Recall@5": 0.04416666666666667,
        "nDCG@10": 0.17488329333132002,
        "Recall@10": 0.0775,
        "nDCG@100": 0.3037489488675853,
        "Recall@100": 0.4383333333333333,
        "Success@5": 0.5916666666666667
      }
    }
  },
  "total_time_seconds": 8074.0830545425415
}