{
  "experiment_2_e2e": {
    "beir_style": {
      "ColBERTv2": {
        "nDCG@5": 0.497662945507753,
        "Recall@5": 0.11900000000000001,
        "nDCG@10": 0.44828812532907136,
        "Recall@10": 0.20779999999999998,
        "nDCG@100": 0.5601857739346988,
        "Recall@100": 0.6824,
        "Success@5": 0.8
      },
      "FLUKE": {
        "nDCG@5": 0.49293564138184615,
        "Recall@5": 0.11780000000000002,
        "nDCG@10": 0.44643936275702323,
        "Recall@10": 0.20739999999999997,
        "nDCG@100": 0.5562763748463431,
        "Recall@100": 0.6762,
        "Success@5": 0.784
      },
      "FLUKE+": {
        "nDCG@5": 0.44671104508967097,
        "Recall@5": 0.106,
        "nDCG@10": 0.4143072456010119,
        "Recall@10": 0.194,
        "nDCG@100": 0.5238379217447187,
        "Recall@100": 0.6428,
        "Success@5": 0.792
      }
    },
    "lotte_style": {
      "science": {
        "ColBERTv2": {
          "nDCG@5": 0.45588734817742405,
          "Recall@5": 0.10375000000000001,
          "nDCG@10": 0.3934074498582697,
          "Recall@10": 0.17375,
          "nDCG@100": 0.5698140395222852,
          "Recall@100": 0.7462500000000001,
          "Success@5": 0.875
        },
        "FLUKE": {
          "nDCG@5": 0.4263263717885352,
          "Recall@5": 0.1,
          "nDCG@10": 0.35895975077329867,
          "Recall@10": 0.15875,
          "nDCG@100": 0.5355170181880723,
          "Recall@100": 0.7075,
          "Success@5": 0.875
        },
        "FLUKE+": {
          "nDCG@5": 0.3888636770922512,
          "Recall@5": 0.0875,
          "nDCG@10": 0.3275381957542344,
          "Recall@10": 0.13999999999999999,
          "nDCG@100": 0.5141231677200587,
          "Recall@100": 0.6900000000000001,
          "Success@5": 0.825
        }
      },
      "technology": {
        "ColBERTv2": {
          "nDCG@5": 0.34530357078875146,
          "Recall@5": 0.08125,
          "nDCG@10": 0.2950376272653252,
          "Recall@10": 0.1325,
          "nDCG@100": 0.4844031103460537,
          "Recall@100": 0.66375,
          "Success@5": 0.8
        },
        "FLUKE": {
          "nDCG@5": 0.32444263014986074,
          "Recall@5": 0.07250000000000001,
          "nDCG@10": 0.2906290125574557,
          "Recall@10": 0.13,
          "nDCG@100": 0.4493757454003213,
          "Recall@100": 0.60625,
          "Success@5": 0.675
        },
        "FLUKE+": {
          "nDCG@5": 0.29715688845771265,
          "Recall@5": 0.06875,
          "nDCG@10": 0.2891590688100284,
          "Recall@10": 0.1375,
          "nDCG@100": 0.4365238362834722,
          "Recall@100": 0.5925,
          "Success@5": 0.75
        }
      },
      "writing": {
        "ColBERTv2": {
          "nDCG@5": 0.5782146990750453,
          "Recall@5": 0.1375,
          "nDCG@10": 0.5358418842537818,
          "Recall@10": 0.25125000000000003,
          "nDCG@100": 0.6693148087418761,
          "Recall@100": 0.8024999999999999,
          "Success@5": 0.925
        },
        "FLUKE": {
          "nDCG@5": 0.5779435604715971,
          "Recall@5": 0.13625,
          "nDCG@10": 0.5380214864991046,
          "Recall@10": 0.25125000000000003,
          "nDCG@100": 0.6606129409329458,
          "Recall@100": 0.7837500000000001,
          "Success@5": 0.9
        },
        "FLUKE+": {
          "nDCG@5": 0.5507385779686826,
          "Recall@5": 0.13,
          "nDCG@10": 0.5035451377851938,
          "Recall@10": 0.2325,
          "nDCG@100": 0.6544319253993947,
          "Recall@100": 0.7987499999999998,
          "Success@5": 0.925
        }
      }
    },
    "lotte_style_average": {
      "ColBERTv2": {
        "nDCG@5": 0.4598018726804069,
        "Recall@5": 0.1075,
        "nDCG@10": 0.4080956537924589,
        "Recall@10": 0.18583333333333338,
        "nDCG@100": 0.5745106528700716,
        "Recall@100": 0.7374999999999999,
        "Success@5": 0.8666666666666667
      },
      "FLUKE": {
        "nDCG@5": 0.4429041874699977,
        "Recall@5": 0.10291666666666667,
        "nDCG@10": 0.3958700832766197,
        "Recall@10": 0.18000000000000002,
        "nDCG@100": 0.5485019015071132,
        "Recall@100": 0.6991666666666667,
        "Success@5": 0.8166666666666668
      },
      "FLUKE+": {
        "nDCG@5": 0.4122530478395488,
        "Recall@5": 0.09541666666666666,
        "nDCG@10": 0.37341413411648555,
        "Recall@10": 0.17,
        "nDCG@100": 0.5350263098009752,
        "Recall@100": 0.69375,
        "Success@5": 0.8333333333333334
      }
    }
  },
  "total_time_seconds": 3519.1338958740234
}