{
  "experiment_2_e2e": {
    "beir_style": {
      "ColBERTv2": {
        "nDCG@5": 0.7232541756127675,
        "Recall@5": 0.177,
        "nDCG@10": 0.6679606815894764,
        "Recall@10": 0.3181999999999999,
        "nDCG@100": 0.7728923036734725,
        "Recall@100": 0.89,
        "Success@5": 0.956
      },
      "FLUKE": {
        "nDCG@5": 0.7229744512339967,
        "Recall@5": 0.1754,
        "nDCG@10": 0.6744196787222366,
        "Recall@10": 0.3208,
        "nDCG@100": 0.781861088680168,
        "Recall@100": 0.898,
        "Success@5": 0.948
      },
      "FLUKE+": {
        "nDCG@5": 0.5027593659844907,
        "Recall@5": 0.12179999999999999,
        "nDCG@10": 0.4570310158542549,
        "Recall@10": 0.21440000000000003,
        "nDCG@100": 0.587317830702675,
        "Recall@100": 0.726,
        "Success@5": 0.856
      }
    },
    "lotte_style": {
      "science": {
        "ColBERTv2": {
          "nDCG@5": 0.35138106542166125,
          "Recall@5": 0.0875,
          "nDCG@10": 0.3288522370363351,
          "Recall@10": 0.15875,
          "nDCG@100": 0.49962378474350394,
          "Recall@100": 0.66875,
          "Success@5": 0.775
        },
        "FLUKE": {
          "nDCG@5": 0.34243462664908525,
          "Recall@5": 0.08375,
          "nDCG@10": 0.3173660641770032,
          "Recall@10": 0.15125000000000002,
          "nDCG@100": 0.48860767315193226,
          "Recall@100": 0.655,
          "Success@5": 0.725
        },
        "FLUKE+": {
          "nDCG@5": 0.20186382466436853,
          "Recall@5": 0.04875,
          "nDCG@10": 0.16616034909370603,
          "Recall@10": 0.07375,
          "nDCG@100": 0.2750539711581558,
          "Recall@100": 0.39,
          "Success@5": 0.575
        }
      },
      "technology": {
        "ColBERTv2": {
          "nDCG@5": 0.44706103662523605,
          "Recall@5": 0.10375000000000001,
          "nDCG@10": 0.40950750694986154,
          "Recall@10": 0.18875,
          "nDCG@100": 0.570577413459809,
          "Recall@100": 0.7362500000000001,
          "Success@5": 0.85
        },
        "FLUKE": {
          "nDCG@5": 0.4321830630375172,
          "Recall@5": 0.10124999999999999,
          "nDCG@10": 0.37455074834500407,
          "Recall@10": 0.1675,
          "nDCG@100": 0.5507518012488104,
          "Recall@100": 0.7150000000000001,
          "Success@5": 0.9
        },
        "FLUKE+": {
          "nDCG@5": 0.24465034910613565,
          "Recall@5": 0.05500000000000001,
          "nDCG@10": 0.20665004103623247,
          "Recall@10": 0.08875,
          "nDCG@100": 0.33815920696151347,
          "Recall@100": 0.46875,
          "Success@5": 0.725
        }
      },
      "writing": {
        "ColBERTv2": {
          "nDCG@5": 0.45421981855034294,
          "Recall@5": 0.10750000000000001,
          "nDCG@10": 0.3981642237781511,
          "Recall@10": 0.18125,
          "nDCG@100": 0.5921275240514647,
          "Recall@100": 0.77375,
          "Success@5": 0.875
        },
        "FLUKE": {
          "nDCG@5": 0.4540036065387495,
          "Recall@5": 0.10625,
          "nDCG@10": 0.3957540439878068,
          "Recall@10": 0.1775,
          "nDCG@100": 0.5881611440040343,
          "Recall@100": 0.77125,
          "Success@5": 0.925
        },
        "FLUKE+": {
          "nDCG@5": 0.19579551277612744,
          "Recall@5": 0.04,
          "nDCG@10": 0.16217832209620817,
          "Recall@10": 0.06500000000000002,
          "nDCG@100": 0.34323242018579625,
          "Recall@100": 0.50875,
          "Success@5": 0.55
        }
      }
    },
    "lotte_style_average": {
      "ColBERTv2": {
        "nDCG@5": 0.4175539735324134,
        "Recall@5": 0.09958333333333334,
        "nDCG@10": 0.3788413225881159,
        "Recall@10": 0.17625000000000002,
        "nDCG@100": 0.5541095740849259,
        "Recall@100": 0.72625,
        "Success@5": 0.8333333333333334
      },
      "FLUKE": {
        "nDCG@5": 0.40954043207511726,
        "Recall@5": 0.09708333333333334,
        "nDCG@10": 0.36255695216993794,
        "Recall@10": 0.16541666666666668,
        "nDCG@100": 0.5425068728015923,
        "Recall@100": 0.7137500000000001,
        "Success@5": 0.85
      },
      "FLUKE+": {
        "nDCG@5": 0.2141032288488772,
        "Recall@5": 0.04791666666666667,
        "nDCG@10": 0.1783295707420489,
        "Recall@10": 0.07583333333333332,
        "nDCG@100": 0.3188151994351552,
        "Recall@100": 0.45583333333333337,
        "Success@5": 0.6166666666666666
      }
    }
  },
  "total_time_seconds": 6109.270656824112
}