{
  "experiment_2_e2e": {
    "beir_style": {
      "ColBERTv2": {
        "nDCG@5": 0.521384131271197,
        "Recall@5": 0.12560000000000002,
        "nDCG@10": 0.47190869002387137,
        "Recall@10": 0.22080000000000002,
        "nDCG@100": 0.5881911374949461,
        "Recall@100": 0.7173999999999999,
        "Success@5": 0.844
      },
      "FLUKE": {
        "nDCG@5": 0.49611183906436734,
        "Recall@5": 0.119,
        "nDCG@10": 0.448142095762124,
        "Recall@10": 0.20839999999999997,
        "nDCG@100": 0.5532732959122942,
        "Recall@100": 0.6714,
        "Success@5": 0.836
      },
      "FLUKE+": {
        "nDCG@5": 0.4860534515469294,
        "Recall@5": 0.1154,
        "nDCG@10": 0.4256533537777072,
        "Recall@10": 0.1938,
        "nDCG@100": 0.5329505508531223,
        "Recall@100": 0.648,
        "Success@5": 0.816
      }
    },
    "lotte_style": {
      "science": {
        "ColBERTv2": {
          "nDCG@5": 0.2980004952790418,
          "Recall@5": 0.07125000000000001,
          "nDCG@10": 0.28449336477127246,
          "Recall@10": 0.135,
          "nDCG@100": 0.4769683931873351,
          "Recall@100": 0.6699999999999999,
          "Success@5": 0.675
        },
        "FLUKE": {
          "nDCG@5": 0.27560771079415847,
          "Recall@5": 0.065,
          "nDCG@10": 0.2586645439519687,
          "Recall@10": 0.12125,
          "nDCG@100": 0.4351651742616996,
          "Recall@100": 0.61,
          "Success@5": 0.625
        },
        "FLUKE+": {
          "nDCG@5": 0.2930681643161238,
          "Recall@5": 0.06999999999999999,
          "nDCG@10": 0.2679229572462102,
          "Recall@10": 0.125,
          "nDCG@100": 0.4289889212330122,
          "Recall@100": 0.5950000000000001,
          "Success@5": 0.675
        }
      },
      "technology": {
        "ColBERTv2": {
          "nDCG@5": 0.30930292793759234,
          "Recall@5": 0.06999999999999999,
          "nDCG@10": 0.27548971856275184,
          "Recall@10": 0.12250000000000001,
          "nDCG@100": 0.435008758672608,
          "Recall@100": 0.59625,
          "Success@5": 0.725
        },
        "FLUKE": {
          "nDCG@5": 0.2851815443764703,
          "Recall@5": 0.06875,
          "nDCG@10": 0.25304577091863995,
          "Recall@10": 0.11750000000000001,
          "nDCG@100": 0.3930621248321341,
          "Recall@100": 0.55,
          "Success@5": 0.75
        },
        "FLUKE+": {
          "nDCG@5": 0.29912138356112206,
          "Recall@5": 0.07125000000000001,
          "nDCG@10": 0.25056311949747645,
          "Recall@10": 0.11125,
          "nDCG@100": 0.40291263612005945,
          "Recall@100": 0.56125,
          "Success@5": 0.75
        }
      },
      "writing": {
        "ColBERTv2": {
          "nDCG@5": 0.4186559581359764,
          "Recall@5": 0.10125000000000002,
          "nDCG@10": 0.36656471535641655,
          "Recall@10": 0.16875,
          "nDCG@100": 0.5500473341880344,
          "Recall@100": 0.7262500000000001,
          "Success@5": 0.8
        },
        "FLUKE": {
          "nDCG@5": 0.3949672315567699,
          "Recall@5": 0.09,
          "nDCG@10": 0.3635543472742564,
          "Recall@10": 0.16625,
          "nDCG@100": 0.5534000965154692,
          "Recall@100": 0.735,
          "Success@5": 0.775
        },
        "FLUKE+": {
          "nDCG@5": 0.37604013481734533,
          "Recall@5": 0.08625,
          "nDCG@10": 0.3286107468386814,
          "Recall@10": 0.14625,
          "nDCG@100": 0.5076035075984848,
          "Recall@100": 0.6799999999999999,
          "Success@5": 0.725
        }
      }
    },
    "lotte_style_average": {
      "ColBERTv2": {
        "nDCG@5": 0.34198646045087017,
        "Recall@5": 0.08083333333333333,
        "nDCG@10": 0.3088492662301469,
        "Recall@10": 0.14208333333333334,
        "nDCG@100": 0.4873414953493258,
        "Recall@100": 0.6641666666666667,
        "Success@5": 0.7333333333333334
      },
      "FLUKE": {
        "nDCG@5": 0.31858549557579957,
        "Recall@5": 0.07458333333333333,
        "nDCG@10": 0.29175488738162164,
        "Recall@10": 0.135,
        "nDCG@100": 0.460542465203101,
        "Recall@100": 0.6316666666666667,
        "Success@5": 0.7166666666666667
      },
      "FLUKE+": {
        "nDCG@5": 0.32274322756486373,
        "Recall@5": 0.07583333333333332,
        "nDCG@10": 0.28236560786078935,
        "Recall@10": 0.1275,
        "nDCG@100": 0.4465016883171855,
        "Recall@100": 0.6120833333333333,
        "Success@5": 0.7166666666666667
      }
    }
  },
  "total_time_seconds": 3560.595380783081
}